<?xml version="1.0" encoding="UTF-8"?>
<project-private xmlns="http://www.netbeans.org/ns/project-private/1">
    <editor-bookmarks xmlns="http://www.netbeans.org/ns/editor-bookmarks/2" lastBookmarkId="0"/>
    <open-files xmlns="http://www.netbeans.org/ns/projectui-open-files/2">
        <group>
            <file>file:/D:/web/quy-tu-thien/code/quy-tu-thien/app/Models/Nguoithamgia.php</file>
            <file>file:/D:/web/quy-tu-thien/code/quy-tu-thien/routes/web.php</file>
            <file>file:/D:/web/quy-tu-thien/code/quy-tu-thien/resources/views/home/index.blade.php</file>
            <file>file:/D:/web/quy-tu-thien/code/quy-tu-thien/app/Http/Requests/GayquyForm.php</file>
            <file>file:/D:/web/quy-tu-thien/code/quy-tu-thien/app/Models/Tuthien.php</file>
            <file>file:/D:/web/quy-tu-thien/code/quy-tu-thien/resources/views/quyengop/index.blade.php</file>
            <file>file:/D:/web/quy-tu-thien/code/quy-tu-thien/app/Http/Controllers/QuyengopController.php</file>
            <file>file:/D:/web/quy-tu-thien/code/quy-tu-thien/public/assets/css/theme.css</file>
            <file>file:/D:/web/quy-tu-thien/code/quy-tu-thien/resources/views/quyengop/complete.blade.php</file>
            <file>file:/D:/web/quy-tu-thien/code/quy-tu-thien/resources/views/tuthien/index.blade.php</file>
            <file>file:/D:/web/quy-tu-thien/code/quy-tu-thien/app/Http/Requests/QuyengopForm.php</file>
            <file>file:/D:/web/quy-tu-thien/code/quy-tu-thien/resources/views/gopy/index.blade.php</file>
            <file>file:/D:/web/quy-tu-thien/code/quy-tu-thien/app/Http/Controllers/HomeController.php</file>
        </group>
    </open-files>
</project-private>
