<?xml version="1.0" encoding="UTF-8"?>
<project-private xmlns="http://www.netbeans.org/ns/project-private/1">
    <editor-bookmarks xmlns="http://www.netbeans.org/ns/editor-bookmarks/2" lastBookmarkId="0"/>
    <open-files xmlns="http://www.netbeans.org/ns/projectui-open-files/2">
        <group>
            <file>file:/E:/web/quytuthien/code/quy-tu-thien/resources/views/tuthien/show.blade.php</file>
            <file>file:/E:/web/quytuthien/code/quy-tu-thien/resources/views/home/index.blade.php</file>
            <file>file:/E:/web/quytuthien/code/quy-tu-thien/app/Models/Tuthien.php</file>
            <file>file:/E:/web/quytuthien/code/quy-tu-thien/app/Http/Controllers/HomeController.php</file>
            <file>file:/E:/web/quytuthien/code/quy-tu-thien/app/Models/Taikhoan.php</file>
            <file>file:/E:/web/quytuthien/code/quy-tu-thien/app/Http/Controllers/TuthienController.php</file>
        </group>
    </open-files>
</project-private>
